{
  "workspaces": {
    "HUD setup": {
      "main": {
        "id": "d0e8874342d2e20f",
        "type": "split",
        "children": [
          {
            "id": "dfafe75cb0e2d9a4",
            "type": "split",
            "dimension": 71.06227106227105,
            "children": [
              {
                "id": "7999cdc6f3318fda",
                "type": "split",
                "dimension": 61.904761904761905,
                "children": [
                  {
                    "id": "bb93777670a9df82",
                    "type": "split",
                    "children": [
                      {
                        "id": "8b4f1717930d0a2b",
                        "type": "tabs",
                        "dimension": 66.46153846153847,
                        "children": [
                          {
                            "id": "b9005b9709df3a42",
                            "type": "leaf",
                            "state": {
                              "type": "markdown",
                              "state": {
                                "file": "1 Calendar integration.md",
                                "mode": "source",
                                "source": false
                              },
                              "icon": "lucide-file",
                              "title": "1 Calendar integration"
                            }
                          },
                          {
                            "id": "6f957c263b5c73e9",
                            "type": "leaf",
                            "state": {
                              "type": "markdown",
                              "state": {
                                "file": "Design notes.md",
                                "mode": "source",
                                "source": false
                              },
                              "icon": "lucide-file",
                              "title": "Design notes"
                            }
                          }
                        ]
                      },
                      {
                        "id": "0cf0b6851431e679",
                        "type": "tabs",
                        "dimension": 33.53846153846154,
                        "children": [
                          {
                            "id": "d570f6f0ad0dfb21",
                            "type": "leaf",
                            "state": {
                              "type": "markdown",
                              "state": {
                                "file": "2.2 Waiting For.md",
                                "mode": "source",
                                "source": false
                              },
                              "icon": "lucide-file",
                              "title": "2.2 Waiting For"
                            }
                          }
                        ]
                      }
                    ],
                    "direction": "horizontal"
                  },
                  {
                    "id": "7c26e87f572f74cc",
                    "type": "tabs",
                    "children": [
                      {
                        "id": "c23cb48dbad9293c",
                        "type": "leaf",
                        "state": {
                          "type": "markdown",
                          "state": {
                            "file": "2 today todo.md",
                            "mode": "source",
                            "source": false
                          },
                          "icon": "lucide-file",
                          "title": "2 today todo"
                        }
                      }
                    ]
                  }
                ],
                "direction": "vertical"
              },
              {
                "id": "47fe64be9629bbb0",
                "type": "split",
                "dimension": 38.095238095238095,
                "children": [
                  {
                    "id": "3be4fd6d3c017994",
                    "type": "tabs",
                    "dimension": 23.78094523630908,
                    "children": [
                      {
                        "id": "a60167056c221f8f",
                        "type": "leaf",
                        "state": {
                          "type": "markdown",
                          "state": {
                            "file": "Daily notes/2025-01-22.md",
                            "mode": "source",
                            "source": false
                          },
                          "icon": "lucide-file",
                          "title": "2025-01-22"
                        }
                      }
                    ]
                  },
                  {
                    "id": "a894c26de43203d1",
                    "type": "tabs",
                    "dimension": 76.21905476369092,
                    "children": [
                      {
                        "id": "7cd1e943c0388b57",
                        "type": "leaf",
                        "state": {
                          "type": "markdown",
                          "state": {
                            "file": "4 Habit Tracker.md",
                            "mode": "source",
                            "source": false
                          },
                          "icon": "lucide-file",
                          "title": "4 Habit Tracker"
                        }
                      }
                    ]
                  }
                ],
                "direction": "vertical"
              }
            ],
            "direction": "horizontal"
          },
          {
            "id": "c85e7aaac30c67ca",
            "type": "split",
            "dimension": 28.937728937728945,
            "children": [
              {
                "id": "c6a463b6f32053ce",
                "type": "tabs",
                "dimension": 59.904761904761905,
                "children": [
                  {
                    "id": "85e62bd932d9f7dd",
                    "type": "leaf",
                    "state": {
                      "type": "markdown",
                      "state": {
                        "file": "3 Current Projects.md",
                        "mode": "source",
                        "source": false
                      },
                      "icon": "lucide-file",
                      "title": "3 Current Projects"
                    }
                  }
                ]
              },
              {
                "id": "b0c1ae3b5fd3afaf",
                "type": "tabs",
                "dimension": 40.095238095238095,
                "children": [
                  {
                    "id": "bd1a0476b1c4fc76",
                    "type": "leaf",
                    "state": {
                      "type": "markdown",
                      "state": {
                        "file": "5 Levels.md",
                        "mode": "source",
                        "source": false
                      },
                      "icon": "lucide-file",
                      "title": "5 Levels"
                    }
                  }
                ]
              }
            ],
            "direction": "horizontal"
          }
        ],
        "direction": "vertical"
      },
      "left": {
        "id": "ba82f19d43406248",
        "type": "split",
        "children": [
          {
            "id": "5deec4a1c3e65e82",
            "type": "tabs",
            "children": [
              {
                "id": "270909e7d604c497",
                "type": "leaf",
                "state": {
                  "type": "file-explorer",
                  "state": {
                    "sortOrder": "alphabeticalReverse"
                  },
                  "icon": "lucide-folder-closed",
                  "title": "Files"
                }
              },
              {
                "id": "71442d0c0b5c002f",
                "type": "leaf",
                "state": {
                  "type": "search",
                  "state": {
                    "query": "",
                    "matchingCase": false,
                    "explainSearch": false,
                    "collapseAll": false,
                    "extraContext": false,
                    "sortOrder": "alphabetical"
                  },
                  "icon": "lucide-search",
                  "title": "Search"
                }
              },
              {
                "id": "f8e0386b481d2fc9",
                "type": "leaf",
                "state": {
                  "type": "bookmarks",
                  "state": {},
                  "icon": "lucide-bookmark",
                  "title": "Bookmarks"
                }
              }
            ]
          }
        ],
        "direction": "horizontal",
        "width": 237.5,
        "collapsed": true
      },
      "right": {
        "id": "2ca2be3948e7a26b",
        "type": "split",
        "children": [
          {
            "id": "af00dfe036e5b93c",
            "type": "tabs",
            "children": [
              {
                "id": "f6d57db52f69cf2c",
                "type": "leaf",
                "state": {
                  "type": "backlink",
                  "state": {
                    "file": "1 Calendar integration.md",
                    "collapseAll": false,
                    "extraContext": false,
                    "sortOrder": "alphabetical",
                    "showSearch": false,
                    "searchQuery": "",
                    "backlinkCollapsed": false,
                    "unlinkedCollapsed": true
                  },
                  "icon": "links-coming-in",
                  "title": "Backlinks for 1 Calendar integration"
                }
              },
              {
                "id": "56e51f5747bf401e",
                "type": "leaf",
                "state": {
                  "type": "outgoing-link",
                  "state": {
                    "file": "Daily notes/2024-08-08.md",
                    "linksCollapsed": false,
                    "unlinkedCollapsed": true
                  },
                  "icon": "links-going-out",
                  "title": "Outgoing links from 2024-08-08"
                }
              },
              {
                "id": "17b549788b0081f3",
                "type": "leaf",
                "state": {
                  "type": "tag",
                  "state": {
                    "sortOrder": "frequency",
                    "useHierarchy": true
                  },
                  "icon": "lucide-tags",
                  "title": "Tags"
                }
              },
              {
                "id": "7b1ac609586bbb7c",
                "type": "leaf",
                "state": {
                  "type": "outline",
                  "state": {
                    "file": "Daily notes/2024-08-08.md"
                  },
                  "icon": "lucide-list",
                  "title": "Outline of 2024-08-08"
                }
              },
              {
                "id": "4cb3698b913638d9",
                "type": "leaf",
                "state": {
                  "type": "calendar",
                  "state": {},
                  "icon": "lucide-file",
                  "title": "Plugin no longer active"
                }
              },
              {
                "id": "d5df388fcccc0bb3",
                "type": "leaf",
                "state": {
                  "type": "all-properties",
                  "state": {
                    "sortOrder": "frequency",
                    "showSearch": false,
                    "searchQuery": ""
                  },
                  "icon": "lucide-archive",
                  "title": "All properties"
                }
              }
            ]
          }
        ],
        "direction": "horizontal",
        "width": 300,
        "collapsed": true
      },
      "left-ribbon": {
        "hiddenItems": {
          "daily-notes:Open today's daily note": false,
          "switcher:Open quick switcher": false,
          "graph:Open graph view": false,
          "canvas:Create new canvas": false,
          "templates:Insert template": false,
          "command-palette:Open command palette": false,
          "templater-obsidian:Templater": false,
          "table-editor-obsidian:Advanced Tables Toolbar": false,
          "markwhen:Create new Markwhen file": false,
          "obsidian42-brat:BRAT": false,
          "obsidian-full-calendar:Open Full Calendar": false,
          "markdown-importer:Open format converter": false,
          "publish:Publish changes...": false,
          "zk-prefixer:Create new unique note": false,
          "workspaces:Manage workspace layouts": false
        }
      },
      "active": "7cd1e943c0388b57",
      "mtime": "2025-01-22T18:16:44-07:00"
    }
  },
  "active": "HUD setup"
}