{
  "main": {
    "id": "d0e8874342d2e20f",
    "type": "split",
    "children": [
      {
        "id": "dfafe75cb0e2d9a4",
        "type": "split",
        "dimension": 71.06227106227105,
        "children": [
          {
            "id": "7999cdc6f3318fda",
            "type": "split",
            "dimension": 59.80952380952381,
            "children": [
              {
                "id": "a74c4f8f4a039959",
                "type": "tabs",
                "dimension": 23.613193403298354,
                "children": [
                  {
                    "id": "a60167056c221f8f",
                    "type": "leaf",
                    "state": {
                      "type": "markdown",
                      "state": {
                        "file": "Daily notes/2025-01-26.md",
                        "mode": "source",
                        "source": false
                      },
                      "icon": "lucide-file",
                      "title": "2025-01-26"
                    }
                  }
                ]
              },
              {
                "id": "8b4f1717930d0a2b",
                "type": "tabs",
                "dimension": 40.479760119940025,
                "children": [
                  {
                    "id": "b9005b9709df3a42",
                    "type": "leaf",
                    "state": {
                      "type": "markdown",
                      "state": {
                        "file": "Calendar integration.md",
                        "mode": "source",
                        "source": false
                      },
                      "icon": "lucide-file",
                      "title": "Calendar integration"
                    }
                  }
                ]
              },
              {
                "id": "6fddfc9343833b93",
                "type": "split",
                "dimension": 35.907046476761614,
                "children": [
                  {
                    "id": "7c26e87f572f74cc",
                    "type": "tabs",
                    "dimension": 68.15286624203821,
                    "children": [
                      {
                        "id": "c23cb48dbad9293c",
                        "type": "leaf",
                        "state": {
                          "type": "markdown",
                          "state": {
                            "file": "today todo.md",
                            "mode": "source",
                            "source": false
                          },
                          "icon": "lucide-file",
                          "title": "today todo"
                        }
                      }
                    ]
                  },
                  {
                    "id": "cef69f30bd7ac7c1",
                    "type": "tabs",
                    "dimension": 31.84713375796178,
                    "children": [
                      {
                        "id": "d570f6f0ad0dfb21",
                        "type": "leaf",
                        "state": {
                          "type": "markdown",
                          "state": {
                            "file": "Waiting For.md",
                            "mode": "source",
                            "source": false
                          },
                          "icon": "lucide-file",
                          "title": "Waiting For"
                        }
                      }
                    ]
                  }
                ],
                "direction": "horizontal"
              }
            ],
            "direction": "vertical"
          },
          {
            "id": "a894c26de43203d1",
            "type": "tabs",
            "dimension": 40.19047619047619,
            "children": [
              {
                "id": "7cd1e943c0388b57",
                "type": "leaf",
                "state": {
                  "type": "markdown",
                  "state": {
                    "file": "Habit Tracker.md",
                    "mode": "source",
                    "source": false
                  },
                  "icon": "lucide-file",
                  "title": "Habit Tracker"
                }
              }
            ]
          }
        ],
        "direction": "horizontal"
      },
      {
        "id": "c85e7aaac30c67ca",
        "type": "split",
        "dimension": 28.937728937728945,
        "children": [
          {
            "id": "c6a463b6f32053ce",
            "type": "tabs",
            "dimension": 54.95238095238094,
            "children": [
              {
                "id": "85e62bd932d9f7dd",
                "type": "leaf",
                "state": {
                  "type": "markdown",
                  "state": {
                    "file": "Current Projects.md",
                    "mode": "source",
                    "source": false
                  },
                  "icon": "lucide-file",
                  "title": "Current Projects"
                }
              },
              {
                "id": "28eb030e2bcbf98b",
                "type": "leaf",
                "state": {
                  "type": "markdown",
                  "state": {
                    "file": "How To Use This Vault.md",
                    "mode": "source",
                    "source": false
                  },
                  "icon": "lucide-file",
                  "title": "How To Use This Vault"
                }
              }
            ]
          },
          {
            "id": "b0c1ae3b5fd3afaf",
            "type": "tabs",
            "dimension": 45.04761904761906,
            "children": [
              {
                "id": "bd1a0476b1c4fc76",
                "type": "leaf",
                "state": {
                  "type": "markdown",
                  "state": {
                    "file": "Levels.md",
                    "mode": "source",
                    "source": false
                  },
                  "icon": "lucide-file",
                  "title": "Levels"
                }
              }
            ]
          }
        ],
        "direction": "horizontal"
      }
    ],
    "direction": "vertical"
  },
  "left": {
    "id": "ba82f19d43406248",
    "type": "split",
    "children": [
      {
        "id": "5deec4a1c3e65e82",
        "type": "tabs",
        "children": [
          {
            "id": "270909e7d604c497",
            "type": "leaf",
            "state": {
              "type": "file-explorer",
              "state": {
                "sortOrder": "alphabeticalReverse"
              },
              "icon": "lucide-folder-closed",
              "title": "Files"
            }
          },
          {
            "id": "71442d0c0b5c002f",
            "type": "leaf",
            "state": {
              "type": "search",
              "state": {
                "query": "",
                "matchingCase": false,
                "explainSearch": false,
                "collapseAll": false,
                "extraContext": false,
                "sortOrder": "alphabetical"
              },
              "icon": "lucide-search",
              "title": "Search"
            }
          },
          {
            "id": "f8e0386b481d2fc9",
            "type": "leaf",
            "state": {
              "type": "bookmarks",
              "state": {},
              "icon": "lucide-bookmark",
              "title": "Bookmarks"
            }
          }
        ]
      }
    ],
    "direction": "horizontal",
    "width": 237.5
  },
  "right": {
    "id": "2ca2be3948e7a26b",
    "type": "split",
    "children": [
      {
        "id": "af00dfe036e5b93c",
        "type": "tabs",
        "children": [
          {
            "id": "f6d57db52f69cf2c",
            "type": "leaf",
            "state": {
              "type": "backlink",
              "state": {
                "file": "1 Calendar integration.md",
                "collapseAll": false,
                "extraContext": false,
                "sortOrder": "alphabetical",
                "showSearch": false,
                "searchQuery": "",
                "backlinkCollapsed": false,
                "unlinkedCollapsed": true
              },
              "icon": "links-coming-in",
              "title": "Backlinks for 1 Calendar integration"
            }
          },
          {
            "id": "56e51f5747bf401e",
            "type": "leaf",
            "state": {
              "type": "outgoing-link",
              "state": {
                "file": "Daily notes/2024-08-08.md",
                "linksCollapsed": false,
                "unlinkedCollapsed": true
              },
              "icon": "links-going-out",
              "title": "Outgoing links from 2024-08-08"
            }
          },
          {
            "id": "17b549788b0081f3",
            "type": "leaf",
            "state": {
              "type": "tag",
              "state": {
                "sortOrder": "frequency",
                "useHierarchy": true
              },
              "icon": "lucide-tags",
              "title": "Tags"
            }
          },
          {
            "id": "7b1ac609586bbb7c",
            "type": "leaf",
            "state": {
              "type": "outline",
              "state": {
                "file": "Daily notes/2024-08-08.md"
              },
              "icon": "lucide-list",
              "title": "Outline of 2024-08-08"
            }
          },
          {
            "id": "d5df388fcccc0bb3",
            "type": "leaf",
            "state": {
              "type": "all-properties",
              "state": {
                "sortOrder": "frequency",
                "showSearch": false,
                "searchQuery": ""
              },
              "icon": "lucide-archive",
              "title": "All properties"
            }
          }
        ]
      }
    ],
    "direction": "horizontal",
    "width": 300,
    "collapsed": true
  },
  "left-ribbon": {
    "hiddenItems": {
      "daily-notes:Open today's daily note": false,
      "switcher:Open quick switcher": false,
      "graph:Open graph view": false,
      "canvas:Create new canvas": false,
      "templates:Insert template": false,
      "command-palette:Open command palette": false,
      "markdown-importer:Open format converter": false,
      "workspaces:Manage workspace layouts": false,
      "templater-obsidian:Templater": false
    }
  },
  "active": "270909e7d604c497",
  "lastOpenFiles": [
    "Habit Tracker.md",
    "today todo.md",
    "Daily notes/2025-01-26.md",
    "Levels.md",
    "Daily notes/2025-01-25.md",
    "Current Projects.md",
    "User Notes to connect Google Calendar.md",
    "Calendar integration.md",
    "How To Use This Vault.md",
    "User Notes to change the habit listings.md",
    "Daily notes/2025-01-24.md",
    "Templates/Daily Note Template.md",
    "Daily notes/2025-01-23.md",
    "Waiting For.md",
    "User Update Notes.md",
    "Daily notes/2025-01-22.md",
    "2 today todo.txt",
    "CSV holder.md",
    "Untitled.canvas",
    "todotest.txt.md",
    "Tracker.md",
    "Daily notes/2024-12-30.md",
    "Daily notes/2025-01-21.md",
    "5 Levels.md",
    "todo dataview.md",
    "Daily notes/2025-01-20.md",
    "Daily notes/2025-01-19.md",
    "Today todo integration.md",
    "test_todo.txt",
    "todo1.txt",
    "Untitled 1.canvas",
    "todo.todotxt",
    "todo.txt",
    "Other Examples",
    "Other Examplesw",
    "tasks-doughnut.js",
    "tasks-pie.js",
    "obsidian-tracker-master.zip"
  ]
}